BBB9,100,8,10,63,-75,69,-1017,-382,-30,-111,3406,1,31
BBB9,100,7,11,-20,-68,-75,-1010,-373,-13,-106,3406,1,31
BBB9,100,7,11,-53,-70,-23,-1004,-371,-27,-109,3406,0,31
BBB9,100,7,11,-9,-98,-42,-995,-364,-17,-108,3406,6,31
BBB9,99,8,10,-61,-88,-88,-1012,-387,-36,-112,3406,1,31
BBB9,99,8,10,-29,-111,-6,-1009,-377,-23,-108,3406,0,31
BBB9,99,8,11,5,-110,85,-998,-388,-30,-106,3406,5,31
BBB9,99,7,10,-20,-126,-35,-1009,-378,-25,-109,3406,1,31
BBB9,99,8,10,28,-15,-68,-1041,-371,21,-108,3406,6,31
BBB9,100,8,10,4,42,-33,-1004,-371,-34,-108,3406,1,31
BBB9,99,7,11,13,-27,-28,-1016,-377,-18,-104,3406,1,31
BBB9,99,8,10,-31,-36,131,-1002,-381,-40,-109,3406,1,31
BBB9,100,8,11,11,14,7,-1001,-384,-29,-113,3406,0,31
BBB9,99,8,10,76,118,33,-998,-382,-31,-97,3406,1,31
BBB9,100,8,10,21,25,-26,-1003,-363,-24,-111,3406,2,31
BBB9,99,8,11,-44,-37,5,-998,-384,-41,-104,3406,1,31
BBB9,93,5,5,19,-9,-20,-999,-389,-30,-107,3412,1,31
BBB9,599,30,39,-2002,91,-1190,-1004,-375,-37,-77,3412,1,31
BBB9,599,121,48,10297,836,1688,-1012,-391,7,57,3412,1,31
BBB9,599,43,78,15141,747,8,-1006,-424,300,316,3412,2,31
BBB9,599,59,94,21607,1489,2008,-1030,-182,689,810,3412,2,31
BBB9,599,35,13,24994,525,7674,-1064,436,231,1517,3412,0,31
BBB9,599,148,151,24994,2130,3108,-976,-423,12,2504,3412,5,31
BBB9,599,16,50,24994,2692,5524,-1044,443,55,3520,3412,2,31
BBB9,599,-14,152,24994,2810,7755,-1055,168,627,4320,3412,1,31
BBB9,583,53,58,24994,4590,9254,-1034,-158,671,6419,3412,2,31
BBB9,-315,10,-77,24994,5456,8445,-1071,386,398,6652,3412,1,31
BBB9,-299,2,-55,24994,5028,8172,-1060,426,317,7003,3412,2,31
BBB9,-259,-7,-81,24994,3440,8353,-1060,309,405,7435,3412,1,31
BBB9,-239,21,-37,24994,4183,7867,-1070,170,641,7924,3412,1,31
BBB9,-208,58,-38,24994,4528,7742,-1027,-79,697,8370,3412,1,31
BBB9,-166,24,-42,24994,4120,7069,-1004,-366,549,8790,3412,1,31
BBB9,-141,42,-27,24994,4551,6544,-967,-491,112,9208,3412,1,31
BBB9,-159,22,-11,24994,3475,6970,-949,-407,-104,9665,3412,1,31
BBB9,-127,20,-9,24994,4272,6195,-974,96,-337,10049,3412,1,31
BBB9,-143,19,-10,24994,3814,6184,-1037,455,221,10457,3412,0,31
BBB9,-151,22,-20,24994,2742,6062,-1026,-89,698,10755,3412,1,31
BBB9,-151,11,-26,24994,3657,5358,-938,-432,-87,11023,3412,1,31
BBB9,-138,8,-25,24994,3277,5400,-1004,406,-137,11285,3412,1,31
BBB9,-128,16,-15,24994,2891,5282,-1031,-13,734,11580,3412,2,31
BBB9,-115,13,-17,24994,2862,5103,-946,-343,-206,11910,3412,1,31
BBB9,-105,14,-16,24994,2782,4820,-1014,452,-32,12269,3412,1,31
BBB9,-100,7,-12,24994,2170,4141,-972,-426,554,12589,3412,2,31
BBB9,-87,9,-21,24994,1490,4361,-979,326,-274,12889,3412,5,31
BBB9,-80,20,-11,24994,3158,3411,-988,-334,653,13164,3406,0,31
BBB9,-73,5,-12,24994,1597,3907,-975,355,-233,13456,3406,1,31
BBB9,-66,2,-6,24994,1860,3744,-964,-453,489,13721,3406,1,31
BBB9,-61,5,-10,24994,2211,3661,-1006,516,108,13974,3406,2,31
BBB9,-57,6,-4,24994,1745,3402,-922,-495,-41,14196,3406,1,31
BBB9,-46,5,-7,24994,1916,3071,-1028,265,685,14383,3406,1,31
BBB9,-46,7,-6,24994,1707,3023,-938,-38,-407,14620,3406,2,31
BBB9,-40,-2,-5,24994,1584,2567,-965,-451,548,14829,3406,0,31
BBB9,-35,-2,2,24994,1410,2744,-1020,488,405,14991,3406,2,31
BBB9,-31,3,1,24994,1713,2483,-933,-39,-417,15182,3406,0,31
BBB9,-26,-2,-2,24994,1313,2241,-919,-561,382,15323,3406,1,31
BBB9,-22,1,-3,24994,1150,2441,-1000,558,293,15528,3406,2,31
BBB9,-21,0,-3,24994,1284,2053,-913,120,-461,15704,3406,1,31
BBB9,-18,-1,1,24994,1069,1604,-872,-597,25,15811,3406,1,31
BBB9,-13,0,-1,24994,306,1629,-944,-186,878,15951,3406,0,31
BBB9,-13,-2,0,23872,408,1648,-955,538,540,16057,3406,2,31
BBB9,-8,1,-2,22354,1352,1770,-897,516,-264,16147,3406,1,31
BBB9,-8,1,0,20542,1438,1853,-807,-152,-544,16243,3406,1,31
BBB9,-6,0,0,18558,973,913,-776,-657,-107,16311,3406,1,31
BBB9,-5,0,-1,17132,-120,700,-813,-637,664,16408,3406,1,31
BBB9,-4,0,-1,15838,-906,654,-837,-142,1047,16461,3406,1,31
BBB9,-3,0,-2,14571,-949,1280,-797,430,974,16515,3406,1,31
BBB9,-2,-1,0,13233,-575,1891,-748,835,488,16568,3406,2,31
BBB9,-1,-1,0,11861,595,1780,-649,828,-213,16621,3406,6,31
BBB9,-1,-2,1,10800,1661,1647,-520,490,-714,16660,3406,1,31
BBB9,0,0,1,9933,2838,1125,-377,10,-907,16684,3406,0,31
BBB9,-1,0,1,9347,3592,-253,-191,-488,-808,16692,3406,1,31
BBB9,-2,1,1,9343,3235,-2233,27,-894,-416,16706,3406,3,31
BBB9,-3,0,0,9047,1863,-4105,275,-1090,107,16714,3406,2,31
BBB9,-5,1,0,8831,-493,-4948,531,-976,657,16698,3406,1,31
BBB9,-5,0,-1,8511,-3059,-4482,773,-613,997,16697,3406,4,31
BBB9,-4,-1,0,8154,-4471,-2187,980,-196,1000,16685,3406,2,31
BBB9,-2,0,1,8930,-2678,672,1097,107,758,16657,3406,1,31
BBB9,-1,0,1,9755,53,1209,1143,197,562,16624,3406,1,31
BBB9,-3,0,-1,10389,463,-177,1143,269,434,16575,3406,1,31
BBB9,-4,-2,0,11254,-80,994,1149,311,236,16522,3406,0,31
BBB9,-5,-3,0,12737,1451,2697,1193,140,84,16472,3406,2,31
BBB9,-7,25,-38,24636,1915,2616,1197,-87,225,16306,3406,166,31
BBB9,2,44,-229,-25003,21125,-25020,652,-57,1331,16428,3406,4051,31
BBB9,-8,-37,-129,24994,-25001,24184,298,-7,1486,16271,3406,4053,31
BBB9,-98,-19,13,-25003,24997,24977,-189,970,880,16103,3406,4055,31
BBB9,-42,2,-38,24994,22963,24977,-368,439,1327,16027,3406,4026,31
BBB9,-85,-4,-65,-25003,24848,24977,-282,-42,1451,15967,3406,4046,31
BBB9,-70,98,-119,24994,24996,24977,792,-244,1203,16007,3393,3943,31
BBB9,-63,17,-76,24994,-18616,24977,272,-151,1468,15822,3393,4052,31
BBB9,-63,1,-82,17488,-5727,24977,376,-80,1446,15753,3393,4038,31
BBB9,-62,24,-91,22185,-5150,24977,455,-236,1399,15637,3381,4039,47
BBB9,-58,25,-81,20461,-7409,24977,554,10,1362,15562,3381,4042,47
BBB9,-50,31,-79,24288,-6066,24977,612,16,1347,15457,3381,4046,47
BBB9,-45,25,-83,23422,-4625,24977,406,95,1430,15341,3375,4054,47
BBB9,-44,28,-84,23834,-4258,24977,351,-241,1426,15245,3375,4040,63
BBB9,-46,28,-108,24995,-20493,24977,890,-304,1027,15098,3375,3946,63
BBB9,-58,24,-104,24995,-14992,24977,548,17,1360,15022,3356,4055,63
BBB9,-79,26,-92,24995,-18210,24977,702,-465,1167,14955,3356,3943,63
BBB9,-93,21,-85,24995,-15408,24977,742,39,1234,14889,3356,4049,63
BBB9,-107,18,-81,24995,-12158,24977,320,-167,1480,14811,3356,4048,63
BBB9,-113,19,-75,24995,-12513,24977,466,-496,1302,14736,3350,3950,63
BBB9,-120,16,-65,24995,-12357,24977,754,-196,1254,14681,3350,4036,63
BBB9,-125,14,-66,24995,-13365,24977,329,49,1474,14625,3350,4053,63
BBB9,-127,5,-65,24994,-15097,24977,385,129,1453,14525,3337,4053,79
BBB9,-124,7,-66,22851,-12391,24977,176,-309,1455,14471,3337,4039,79
BBB9,-120,8,-65,24994,-10268,24977,662,-340,1275,14422,3337,3984,79
BBB9,-115,9,-63,24994,-14059,24977,495,101,1420,14370,3337,4050,79
BBB9,-113,10,-59,24994,-16144,24977,143,-151,1517,14325,3325,4052,79
BBB9,-105,11,-61,24965,-14219,24977,499,-495,1290,14272,3325,3970,79
BBB9,-100,9,-62,24994,-11906,24977,616,98,1376,14209,3325,4049,79
BBB9,-96,13,-65,24994,-11310,24977,176,-259,1487,14160,3325,4040,79
BBB9,-93,13,-65,24994,-11472,24977,733,-353,1214,14129,3312,3979,79
BBB9,-88,14,-70,24994,-12506,24977,413,120,1442,14072,3312,4054,79
BBB9,-90,13,-68,24994,-11677,24977,375,-491,1370,14002,3312,3994,79
BBB9,-89,12,-66,24994,-12614,24977,761,-8,1230,13943,3312,4042,79
BBB9,-83,14,-68,24994,-11553,24977,243,25,1479,13889,3300,4055,79
BBB9,-80,13,-66,24994,-11504,24977,352,-490,1262,13837,3300,3951,79
BBB9,-78,13,-70,24994,-10822,24977,586,144,1337,13779,3300,4049,79
BBB9,-78,15,-67,24994,-10802,24977,284,-420,1403,13733,3300,4021,79
BBB9,-74,11,-67,24994,-8877,24977,788,-86,1210,13671,3287,4031,79
BBB9,-73,14,-65,24994,-9033,24977,218,-106,1508,13620,3287,4048,79
BBB9,-68,17,-72,24995,-11320,24977,799,-349,1143,13580,3287,3976,79
BBB9,-68,19,-66,24994,-10783,24977,471,82,1424,13524,3287,4056,79
BBB9,-66,23,-69,24994,-10356,24977,528,-539,1244,13466,3275,3942,79
BBB9,-64,16,-73,24994,-8886,24977,653,134,1288,13401,3275,4050,79
BBB9,-59,13,-77,24994,-10455,24977,440,-463,1334,13349,3275,3990,79
BBB9,-59,14,-77,24994,-8495,24977,732,107,1253,13294,3275,4051,79
BBB9,-58,16,-73,24994,-10966,24977,335,-379,1400,13232,3262,4023,79
BBB9,-56,18,-73,24994,-10798,24977,777,24,1229,13182,3262,4045,79
BBB9,-56,20,-76,24994,-8779,24977,286,-348,1447,13130,3262,4035,79
BBB9,-54,18,-75,24994,-9066,24977,803,-216,1173,13053,3262,4021,79
BBB9,-58,21,-72,24994,-7645,24977,270,-141,1487,13016,3256,4049,79
BBB9,-57,23,-80,24994,-9761,24977,836,-368,1095,12957,3256,3961,79
BBB9,-55,22,-75,24994,-10136,24977,513,129,1378,12881,3256,4056,79
BBB9,-34,16,-77,24994,-15657,24977,869,-509,941,12840,3256,3950,79
BBB9,-16,45,-93,24994,-3697,24977,414,-191,1427,12799,3243,4051,79
BBB9,-17,9,-79,8570,-17416,5218,1046,218,737,12738,3243,4047,79
BBB9,6,16,-141,-25003,16601,-9112,557,203,1338,12624,3243,4052,79
BBB9,-27,-39,-94,-25003,13517,-25020,933,502,805,12624,3243,4052,79
BBB9,-85,-35,35,-25003,-8694,24977,969,505,583,12584,3231,4049,79
BBB9,-21,-41,-31,-9956,23612,-5696,985,482,-106,12517,3231,3951,79
BBB9,-36,-60,40,-25003,9952,24977,556,702,-514,12464,3231,3945,79
BBB9,-17,-103,-243,-25003,24996,-25020,1025,114,884,12368,3231,3957,79
BBB9,-26,-21,-72,-25003,-25001,-13358,870,489,652,12318,3212,3953,79
BBB9,-40,80,62,-25003,15976,24775,648,-921,-75,12313,3212,3951,79
BBB9,-68,43,71,-8581,-3297,-25020,909,-677,-95,12196,3212,3958,79
BBB9,-106,-42,149,24994,12925,-25020,868,176,-573,12214,3212,3942,79
BBB9,-104,15,99,24994,-1984,-25020,335,299,-891,12137,3156,3899,79
BBB9,-86,9,94,24994,-8955,-25020,947,-217,-467,12046,3156,3924,79
BBB9,-71,4,93,24994,-6456,-25020,329,-232,-914,11978,3156,3904,79
BBB9,-60,7,93,24994,-3679,-25020,958,-119,-462,11907,3156,3931,79
BBB9,-50,6,93,24995,-4218,-25020,391,-175,-904,11863,3087,3910,79
BBB9,-42,5,98,24994,-4165,-25020,1015,-232,-341,11818,3087,3930,79
BBB9,-32,5,105,24994,-2142,-25020,729,-404,-617,11712,3087,3921,79
BBB9,-25,5,111,24994,-1353,-25020,997,203,-385,11657,3000,3967,79
BBB9,-27,1,115,24995,-2122,-25020,658,133,-789,11588,3000,3920,79
BBB9,-24,5,112,23972,-995,-25020,881,-433,-404,11539,3000,3927,79
BBB9,-24,8,108,24995,-2131,-25020,999,137,-398,11489,3000,3975,79
BBB9,-25,5,113,24995,-1392,-24852,638,57,-811,11434,2931,3923,79
BBB9,-27,1,120,24994,-2119,-25020,872,-363,-518,11398,2931,3921,79
BBB9,-27,0,128,24994,-1997,-25020,1021,189,-327,11328,2931,3999,79
BBB9,-24,6,119,24108,-675,-25020,634,-90,-803,11271,2931,3922,79
BBB9,-27,10,120,24995,-3135,-25020,979,-352,-336,11229,2875,3924,79
BBB9,-27,0,125,24995,-2841,-25020,927,323,-436,11157,2875,3983,79
BBB9,-29,10,120,24995,-2475,-25020,590,-251,-793,11097,2875,3924,79
BBB9,-28,3,124,24995,-2803,-25020,1051,-160,-284,11054,2875,3928,79
BBB9,-28,8,122,23691,-396,-25020,822,298,-600,10992,2825,3940,79
BBB9,-27,7,123,24995,-3314,-25020,641,-378,-707,10934,2825,3923,79
BBB9,-24,9,121,24994,-1187,-25020,1080,-40,-247,10878,2825,3952,79
BBB9,-25,1,126,24994,-456,-25020,732,276,-698,10833,2825,3921,79
BBB9,-30,-3,132,24994,-1546,-25020,792,-294,-617,10778,2781,3925,79
BBB9,-27,3,114,24994,46,-25020,1062,70,-287,10713,2781,3962,79
BBB9,-26,4,120,24995,-438,-25020,649,188,-808,10661,2781,3916,79
BBB9,-26,8,117,24995,-1808,-25020,817,-429,-550,10613,2781,3926,79
BBB9,-28,2,124,24995,-2347,-25020,1052,140,-295,10559,2743,3984,79
BBB9,-26,0,117,24995,-603,-25020,616,157,-842,10508,2743,3916,79
BBB9,-26,4,114,24995,-1118,-25020,926,-313,-437,10444,2743,3925,79
BBB9,-26,2,115,24994,-792,-25020,991,255,-333,10392,2743,3996,79
BBB9,-27,6,117,24994,-708,-25020,623,-42,-826,10335,2706,3918,79
BBB9,-23,8,111,24995,-1929,-24995,942,-374,-388,10271,2706,3920,79
BBB9,-27,0,118,24994,-1350,-25020,963,267,-392,10228,2706,3979,79
BBB9,-24,6,114,24902,-1636,-25020,583,-53,-845,10162,2706,3915,79
BBB9,-26,4,114,24994,-2885,-25020,967,-370,-359,10123,2675,3924,79
BBB9,-25,5,119,24994,-1592,-25020,959,232,-452,10064,2675,3971,79
BBB9,-26,6,115,24994,-1115,-25020,641,-147,-815,10007,2675,3919,79
BBB9,-26,5,110,24994,-2190,-25020,1041,-239,-309,9953,2675,3924,79
BBB9,-30,0,130,24994,-3148,-25020,863,318,-534,9913,2643,3951,79
BBB9,-28,6,117,24994,-774,-25020,671,-225,-738,9831,2643,3925,79
BBB9,-28,2,120,24994,-3719,-25020,1051,-182,-289,9793,2643,3928,79
BBB9,-28,3,121,24994,-2037,-25020,792,316,-610,9723,2643,3935,79
BBB9,-26,7,119,24994,-2557,-24978,691,-309,-710,9670,2618,3923,79
BBB9,-26,0,123,24994,-1331,-25020,1089,-106,-243,9612,2618,3931,79
BBB9,-26,4,120,24995,-448,-25020,708,244,-703,9541,2618,3923,79
BBB9,-25,4,121,24562,-1800,-25020,751,-360,-631,9489,2618,3922,79
BBB9,-26,4,117,24994,-3295,-25020,1049,-10,-274,9432,2593,3947,79
BBB9,-25,6,120,24994,-1151,-25020,725,218,-700,9381,2593,3920,79
BBB9,-27,7,129,24994,-1578,-25020,768,-336,-602,9336,2593,3924,79
BBB9,-30,2,127,24994,-1866,-25020,1049,73,-301,9276,2593,3951,79
BBB9,-58,-4,79,24994,12627,-25020,882,280,-535,9223,2575,3939,79
BBB9,-93,10,82,24994,326,-25020,951,159,-453,9154,2575,3950,79
BBB9,-94,7,72,24994,4751,-25020,863,-205,-554,9083,2575,3913,79
BBB9,-95,7,62,24994,2456,-25020,532,233,-854,9021,2575,3909,79
BBB9,-98,2,60,24994,3162,-25020,995,142,-399,8974,2556,3922,79
BBB9,-98,3,59,24994,3643,-25020,574,-164,-831,8923,2556,3913,79
BBB9,-104,3,55,24994,4056,-25020,716,420,-625,8869,2556,3928,79
BBB9,-110,1,51,24994,5726,-25020,910,-212,-532,8822,2556,3905,79
BBB9,-116,0,51,24995,4974,-25020,403,78,-935,8772,2537,3899,79
BBB9,-127,1,52,24994,6304,-25020,846,400,-522,8727,2537,3932,79
BBB9,-141,4,43,24995,8043,-25020,921,68,-545,8670,2537,3911,79
BBB9,-157,2,30,24994,9256,-25020,353,14,-956,8626,2537,3895,79
BBB9,-175,6,21,24994,2901,-25020,279,370,-940,8579,2518,3882,79
BBB9,-197,7,11,24995,-940,-25020,657,301,-762,8529,2518,3879,79
BBB9,-211,7,3,24994,-5530,-25020,659,-226,-779,8485,2518,3877,79
BBB9,-226,-3,1,24994,-13091,-25020,278,-502,-824,8442,2518,3879,79
BBB9,-241,-6,8,24994,-19919,-25020,130,-506,-869,8379,2506,3891,79
BBB9,-254,-3,18,21958,-14345,-25020,155,-182,-980,8340,2506,3892,79
BBB9,-299,-5,13,14972,596,-25020,508,354,-855,8251,2506,3877,79
BBB9,-340,-1,-16,24995,-1801,-25020,-7,201,-987,8206,2493,3865,79
BBB9,-361,-4,-11,24995,-15717,-25020,47,-58,-999,8150,2493,3886,79
BBB9,-388,-6,0,20313,-4337,-25020,163,30,-987,8114,2493,3876,79
BBB9,-420,-3,-20,24994,4407,-25020,54,138,-1012,8060,2493,3872,79
BBB9,-443,-3,-33,24995,-10270,-25020,19,-374,-928,8024,2481,3870,79
BBB9,-468,-3,-12,22582,-18118,-25020,459,-564,-720,7982,2481,3880,79
BBB9,-520,-3,-42,24994,2379,-25020,374,418,-882,7940,2481,3871,79
BBB9,-534,-8,-34,24995,-16840,-25020,77,-36,-997,7876,2481,3880,79
BBB9,-573,-5,-39,24995,2934,-25020,222,-116,-974,7843,2468,3876,79
BBB9,-599,-7,-56,24994,-20595,-25020,583,-242,-818,7805,2468,3874,79
BBB9,-600,-5,-44,24994,-23585,-25020,711,-301,-695,7739,2468,3885,79
BBB9,-600,-4,-61,24995,964,-25020,15,482,-910,7713,2462,3873,79
BBB9,-600,-3,-42,23056,-20975,-25020,295,-610,-734,7658,2462,3885,79
BBB9,-600,-8,-76,24994,-6429,-25020,292,346,-941,7627,2462,3868,79
BBB9,-600,-11,-53,24994,2635,-25020,402,-72,-924,7567,2462,3881,79
BBB9,-600,-7,-68,24995,-24915,-25020,399,-46,-949,7524,2456,3886,79
BBB9,-600,-5,-87,24995,-8031,-25020,59,-250,-948,7494,2456,3867,79
BBB9,-600,-11,-40,12248,-8376,-25020,523,320,-837,7448,2456,3885,79
BBB9,-600,-10,-94,24994,-24918,-25020,-4,-643,-769,7412,2456,3888,79
BBB9,-600,-4,-80,24995,7740,-25020,32,610,-829,7388,2450,3886,79
BBB9,-600,-4,-42,12469,-18515,-25020,560,-536,-647,7320,2450,3890,79
BBB9,-600,-1,-59,24995,-24557,-25020,86,-487,-866,7261,2450,3899,79
BBB9,-600,0,-104,24995,-13743,-25020,238,60,-999,7248,2450,3874,79
BBB9,-600,-17,-35,8192,4809,-25020,299,163,-976,7196,2443,3892,79
BBB9,-600,-11,-95,24994,-25001,-25020,344,-629,-709,7159,2443,3917,79
BBB9,-600,-12,-53,24994,12472,-25020,-136,705,-759,7120,2443,3925,79
BBB9,-600,13,-37,13977,-25001,-25020,463,-934,-249,7083,2443,3951,79
BBB9,-600,-1,-51,24994,17643,-25020,46,927,-512,7063,2437,3926,79
BBB9,-575,7,-37,22498,-25001,-25020,-90,-864,-506,6991,2437,3930,79
BBB9,-529,7,-62,24994,6666,-25020,231,576,-852,6998,2437,3914,79
BBB9,-480,0,-44,24994,-25001,-25020,330,-839,-456,6891,2437,3945,79
BBB9,-406,0,50,-25003,155,-25020,911,384,-425,6870,2437,3987,79
BBB9,-413,-20,17,24994,24996,-25020,173,1116,5,6807,2437,4031,79
BBB9,-349,31,-100,24994,1753,-25020,-293,740,-750,6883,2437,3903,79
BBB9,-302,-26,-40,24994,-25001,-25020,142,-784,-582,6701,2437,3931,79
BBB9,-277,17,-2,24994,-25001,-25020,692,-868,-61,6635,2431,4026,79
BBB9,-245,32,20,-9589,-25001,-25020,890,-742,213,6602,2431,4043,79
BBB9,-138,34,119,-25003,-2493,-25020,993,-211,-403,6600,2431,3923,79
BBB9,-108,-21,109,-25003,19704,-25020,536,77,-889,6522,2431,3909,79
BBB9,-148,26,-12,20658,-25001,-25020,1061,-492,29,6422,2425,3974,79
BBB9,-64,14,90,4971,-12202,-25020,570,-754,-467,6404,2425,3912,79
BBB9,-87,7,76,24994,-20289,-25020,520,-65,-925,6339,2425,3902,79
BBB9,-82,4,66,24995,-13736,-25020,868,-562,-359,6274,2425,3929,79
BBB9,-83,3,64,24995,-10065,-25020,223,-172,-980,6236,2425,3892,79
BBB9,-86,2,68,24168,-12088,-25020,909,-117,-558,6172,2425,3924,79
BBB9,-93,4,71,24995,-12418,-25020,336,-616,-736,6133,2425,3903,79
BBB9,-101,4,63,24995,-11124,-25020,683,99,-800,6083,2425,3897,79
BBB9,-110,1,64,24995,-13068,-25020,735,-560,-528,6031,2425,3906,79
BBB9,-120,2,58,21519,-12131,-25020,280,-163,-970,5974,2425,3890,79
BBB9,-135,0,52,18324,-7196,-25020,856,-12,-678,5925,2425,3906,79
BBB9,-146,-2,49,14896,-1215,-25020,544,-472,-745,5879,2425,3887,79
BBB9,-156,-2,54,9532,2759,-25020,259,21,-1005,5836,2418,3885,79
BBB9,-180,0,38,24994,14576,-25020,373,572,-790,5784,2418,3897,79
BBB9,-190,0,31,24994,10874,-25020,795,268,-641,5745,2418,3890,79
BBB9,-202,0,32,24995,3908,-25020,617,-290,-774,5698,2418,3883,79
BBB9,-225,3,24,24995,174,-25020,122,-289,-966,5663,2412,3869,79
BBB9,-239,1,20,24995,-4285,-25020,66,-47,-734,5604,2412,3872,79
BBB9,-252,-3,22,19827,-5470,-25020,258,173,-997,5552,2412,3869,79
BBB9,-275,-4,24,20172,4241,-25020,482,399,-839,5525,2412,3879,79
BBB9,-292,0,18,24994,11165,-25020,598,442,-729,5481,2412,3884,79
BBB9,-328,-1,7,24994,-11118,-25020,398,199,-904,5375,2412,3869,79
BBB9,-351,-2,3,24994,5384,-25020,57,374,-958,5336,2412,3869,79
BBB9,-363,0,-9,24995,-3463,-25020,-35,237,-995,5299,2412,3864,79
BBB9,-376,-3,-12,24995,-13512,-25020,-30,-28,-1026,5266,2412,3871,79
BBB9,-394,-2,0,21442,-6216,-25020,83,-126,-989,5221,2412,3873,79
BBB9,-422,-2,-7,24994,4584,-25020,12,-53,-1026,5170,2412,3868,79
BBB9,-443,-2,-17,24994,-6422,-25020,130,-357,-934,5128,2412,3866,79
BBB9,-455,-4,-10,24571,-6512,-25020,580,-371,-759,5071,2412,3871,79
BBB9,-477,-1,-30,24994,-9008,-25020,300,292,-945,5033,2412,3860,79
BBB9,-479,0,-6,17426,-14471,-25020,162,7,-1003,4995,2412,3872,79
BBB9,-501,-5,-13,24995,10320,-25020,18,146,-1008,4951,2412,3871,79
BBB9,-521,0,-32,24995,-8914,-25020,241,-458,-855,4911,2412,3864,79
BBB9,-548,-4,-13,24041,-3803,-25020,698,-51,-785,4869,2412,3871,79
BBB9,-574,-2,-34,24994,-5840,-25020,144,312,-998,4830,2412,3863,79
BBB9,-593,-5,-27,24994,-8155,-25020,-22,-184,-993,4796,2412,3866,79
BBB9,-600,-5,-20,24994,-2192,-25020,606,214,-855,4757,2412,3870,79
BBB9,-600,-2,-49,24995,-12844,-25020,-149,-130,-987,4709,2412,3866,79
BBB9,-600,-5,-31,24994,-7172,-25020,551,-268,-839,4673,2412,3870,79
BBB9,-600,-4,-48,24994,-12892,-25020,211,174,-986,4632,2412,3862,79
BBB9,-600,-7,-40,24994,2408,-25020,65,-107,-1032,4606,2412,3865,79
BBB9,-600,-3,-53,24994,-16555,-25020,614,-78,-865,4571,2412,3867,79
BBB9,-600,-7,-55,24994,-423,-25020,-185,212,-990,4535,2412,3864,79
BBB9,-600,-5,-44,22894,-12594,-25020,640,-399,-751,4492,2412,3877,79
BBB9,-600,-6,-75,24995,-20737,-25020,22,-560,-831,4451,2418,3882,79
BBB9,-600,-6,-75,24994,-1862,-25020,487,355,-875,4418,2418,3872,79
BBB9,-600,-4,-51,22121,-12391,-25020,99,-288,-968,4380,2418,3878,79
BBB9,-600,-3,-85,24994,-10548,-25020,394,4,-979,4355,2418,3859,79
BBB9,-600,-8,-49,24994,4223,-25020,104,165,-1012,4304,2418,3872,79
BBB9,-600,-5,-69,24995,-25001,-25020,641,-319,-754,4277,2418,3892,79
BBB9,-600,-5,-74,24995,2749,-25020,-234,263,-974,4252,2418,3872,79
BBB9,-600,-10,-54,24995,5191,-25020,507,552,-748,4205,2418,3893,79
BBB9,-600,0,-70,24995,-25001,-25020,-44,-653,-768,4168,2425,3891,79
BBB9,-600,1,-70,24994,8751,-25020,416,531,-846,4149,2425,3879,79
BBB9,-600,3,-33,18974,-22239,-25020,102,-366,-954,4097,2425,3889,79
BBB9,-600,4,-72,24994,1835,-25020,355,14,-958,4076,2425,3872,79
BBB9,-600,5,-23,7944,-25001,-25020,541,-32,-903,4024,2431,3888,79
BBB9,-600,4,-61,24994,11804,-25020,-227,300,-976,4019,2431,3884,79
BBB9,-584,2,-35,24994,-25001,-25020,496,-822,-432,3966,2431,3933,79
BBB9,-559,10,-72,24994,928,-25020,-191,638,-832,3955,2431,3885,79
BBB9,-514,5,-28,16104,-25001,-25020,124,-824,-571,3900,2437,3923,79
BBB9,-484,-15,0,8999,24167,-25020,612,170,-840,3856,2437,3913,79
BBB9,-454,6,-67,24995,-6261,-25020,169,-134,-1010,3856,2437,3869,79
BBB9,-416,3,-23,24994,-25001,-25020,655,-767,-365,3769,2437,4002,79
BBB9,-367,-4,35,-19112,2142,-25020,1028,14,-386,3746,2437,3943,79
BBB9,-361,-11,22,24994,24997,-25020,661,840,-217,3710,2437,3935,79
BBB9,-323,15,-30,24994,9276,-25020,329,621,-792,3730,2437,3895,79
BBB9,-281,-12,-12,24994,-25001,-25020,537,-812,-411,3608,2437,3952,79
BBB9,-256,17,20,4222,-25001,-25020,827,-781,-59,3566,2443,4038,79
BBB9,-214,28,57,-25003,-25001,-25020,684,-877,-119,3550,2443,3944,79
BBB9,-204,36,57,-25003,-25001,-25020,581,-800,-421,3508,2443,3932,79
BBB9,-185,21,84,-25003,-19182,-25020,713,-115,-766,3466,2443,3910,79
BBB9,-165,-5,80,-25003,12569,-25020,926,371,-413,3415,2443,3939,79
BBB9,-154,-15,98,-25003,23804,-25020,930,0,-513,3378,2443,3915,79
BBB9,-131,-21,79,-1799,24996,-25020,640,476,-674,3339,2443,3928,79
BBB9,-143,-24,62,-5733,24996,-25020,582,818,-346,3250,2443,4015,79
BBB9,-139,-34,74,-25003,24996,-25020,934,537,-169,3208,2450,3935,79
BBB9,-79,9,101,-25003,5144,-25020,666,-304,-747,3212,2450,3904,79
BBB9,-102,17,97,-25003,-3238,-25020,776,70,-463,3156,2450,3911,79
BBB9,-107,-1,90,-25003,5041,-25020,1008,-169,-395,3104,2450,3920,79
BBB9,-90,3,95,-25003,3979,-25020,406,-450,-852,3065,2456,3891,79
BBB9,-137,37,87,-25003,-25001,-25020,726,-249,-763,3027,2456,3917,79
BBB9,-118,23,86,-25003,-15191,-25020,331,-694,-689,2935,2456,3915,79
BBB9,-102,-20,101,-25003,21061,-25020,594,426,-752,2876,2462,3915,79
BBB9,-102,56,115,-25003,-25001,-25020,1073,-201,-278,2886,2462,3968,79
BBB9,-80,-1,88,-25003,8172,-25020,521,-266,-890,2779,2462,3902,79
BBB9,-71,11,78,-22110,-7878,-25020,841,-87,-672,2739,2462,3907,79
BBB9,-74,14,71,121,-17432,-25020,550,-701,-563,2691,2462,3911,79
BBB9,-70,8,75,24994,-17724,-25020,701,-223,-772,2650,2462,3903,79
BBB9,-62,6,81,24995,-9969,-25020,557,-588,-652,2617,2462,3904,79
BBB9,-52,8,94,24995,-8183,-25020,701,-29,-796,2573,2462,3899,79
BBB9,-46,6,83,24995,-6126,-25020,562,-554,-673,2534,2468,3904,79
BBB9,-45,5,93,24995,-7050,-25020,839,235,-628,2505,2468,3904,79
BBB9,-44,-4,99,24995,295,-25020,524,10,-923,2455,2468,3897,79
BBB9,-39,2,92,24994,4815,-25020,1025,3,-391,2410,2468,3917,79
BBB9,-36,4,93,18946,2578,-25020,645,293,-781,2366,2468,3903,79
BBB9,-33,8,94,12860,2430,-25020,817,-412,-572,2323,2468,3914,79
BBB9,-31,6,98,21685,-4122,-25020,951,106,-488,2290,2468,3927,79
BBB9,-29,10,98,24994,-2218,-25020,496,-314,-866,2245,2468,3909,79
BBB9,-33,0,116,24995,-3181,-25020,1017,-147,-376,2204,2475,3914,79
BBB9,-31,7,106,24995,-621,-25020,646,193,-801,2151,2475,3901,79
BBB9,-34,-3,120,24994,-4408,-25020,805,-232,-667,2103,2475,3911,79
BBB9,-33,1,112,24994,1671,-25020,1047,240,-279,2051,2475,3991,79
BBB9,-27,6,100,18103,1334,-25020,638,-10,-853,1998,2487,3908,79
BBB9,-62,4,101,24994,-5428,-25020,637,249,-844,1920,2487,3902,95
BBB9,-53,5,84,24994,-516,-25020,1042,147,-364,1825,2487,3974,95
BBB9,-59,4,85,24994,-204,-25020,528,-157,-903,1798,2493,3899,95
BBB9,-60,3,86,24994,-2675,-25020,1023,117,-431,1746,2493,3940,95
BBB9,-67,2,88,24994,-2126,-25020,485,-111,-945,1717,2493,3894,95
BBB9,-71,4,88,18597,905,-25020,576,140,-863,1630,2500,3896,95
BBB9,-73,2,73,20193,-1239,-25020,951,-314,-465,1578,2500,3907,95
BBB9,-73,5,77,24762,-2985,-25020,490,-102,-934,1534,2500,3894,95
BBB9,-73,1,68,24994,-7245,-25020,934,-283,-479,1495,2500,3913,95
BBB9,-79,2,66,18379,-3378,-25020,482,-406,-820,1447,2506,3902,95
BBB9,-83,0,68,24611,-3677,-25020,855,49,-645,1407,2506,3908,95
BBB9,-87,1,62,24994,-7790,-25020,575,-569,-678,1362,2506,3896,95
BBB9,-93,0,55,24994,-7829,-25020,555,81,-901,1313,2506,3884,95
BBB9,-99,0,60,24994,-3557,-25020,871,-430,-491,1279,2518,3901,95
BBB9,-92,-1,49,24994,-8973,-25020,308,-280,-960,1227,2518,3891,95
BBB9,-98,1,43,24994,-9956,-25020,839,-103,-668,1192,2518,3896,95
BBB9,-97,0,46,24994,-6059,-25020,435,-507,-787,1147,2518,3890,95
BBB9,-99,0,50,24994,-8756,-25020,439,-93,-958,1094,2525,3887,95
BBB9,-97,1,46,24995,-11481,-25020,870,-424,-493,1063,2525,3914,95
BBB9,-100,1,40,24994,-13614,-25020,224,-530,-873,1015,2525,3896,95
BBB9,-100,-3,34,24994,-15332,-25020,690,-88,-814,982,2525,3883,95
BBB9,-96,2,36,24994,-10391,-25020,465,-516,-747,928,2525,3875,95
BBB9,-104,12,44,24994,-3192,-25020,323,290,-959,902,2525,3864,95
BBB9,-112,9,45,24995,-1530,-25020,730,18,-806,877,2525,3876,95
BBB9,-123,7,49,24994,6696,-25020,183,321,-1004,819,2525,3885,95
BBB9,-116,12,35,24994,-7096,-25020,455,393,-879,780,2537,3859,95
BBB9,-123,14,35,24994,-5611,-25020,615,-239,-816,760,2537,3866,95
BBB9,-133,19,43,24994,3236,-25020,50,262,-1032,715,2537,3867,95
BBB9,-132,25,42,24994,6231,-25020,776,424,-642,658,2537,3884,95
BBB9,-136,12,25,24994,-8726,-25020,409,-457,-837,617,2543,3859,95
BBB9,-141,14,22,24994,-4591,-25020,-44,365,-1008,565,2543,3855,95
BBB9,-153,13,31,24994,17377,-25020,717,662,-506,511,2543,3907,95
BBB9,-149,-9,36,24994,21647,-25020,351,364,-939,448,2543,3903,95
BBB9,-162,26,20,24995,9157,-25020,-155,554,-923,440,2550,3886,95
BBB9,-145,-20,14,24995,24997,-25020,678,869,-187,361,2550,3932,95
BBB9,-97,-55,39,-18052,24997,-25020,542,650,-636,285,2550,3927,95
BBB9,-109,56,64,-24780,-25001,-25020,995,-208,-471,242,2550,3933,95
BBB9,-99,34,58,-15628,-17210,-25020,757,-854,21,211,2556,3948,95
BBB9,-127,14,-7,24994,-25001,-25020,52,-950,-392,143,2556,3939,95
BBB9,-148,-150,94,-25003,24997,19334,704,412,-619,78,2556,3919,95
BBB9,-32,91,18,-25003,-2239,-25020,-52,-928,788,23,2568,4050,95
BBB9,-88,-145,4,-25003,14499,-25020,124,1129,402,-89,2568,4046,95
BBB9,-344,-470,86,8044,-2863,-25020,-216,1102,-104,-151,2568,3508,95
BBB9,-96,-75,-7,24994,-12736,-8513,856,740,-41,-174,2568,3182,95
BBB9,-35,-8,140,-14825,-3630,-3879,-147,217,-1019,-181,2581,288,95
BBB9,-17,-26,95,322,-119,150,-138,271,-995,-186,2581,188,95
BBB9,-16,-26,95,15,49,-75,-134,272,-992,-186,2581,165,95
BBB9,-17,-26,95,9,-86,-37,-123,266,-1005,-185,2581,155,95
BBB9,-16,-26,95,60,20,3,-131,253,-1001,-190,2593,149,95
BBB9,-16,-26,95,-7,22,37,-133,268,-1002,-191,2593,143,95
BBB9,-17,-26,95,29,53,27,-138,270,-988,-188,2593,141,95
BBB9,-16,-27,95,-31,-154,-123,-131,269,-1007,-193,2593,140,95
BBB9,-16,-26,95,-26,-74,32,-155,262,-1008,-196,2600,137,95
BBB9,-16,-26,95,27,-32,36,-142,266,-991,-197,2600,136,95
BBB9,-17,-26,96,25,28,74,-137,270,-986,-190,2600,136,95
BBB9,-16,-26,96,57,17,-47,-143,264,-996,-194,2600,135,95
BBB9,-16,-26,95,-44,-34,-52,-129,273,-1009,-193,2606,134,95
BBB9,-17,-26,95,-68,10,50,-145,263,-990,-190,2606,133,95
BBB9,-16,-26,95,-36,-99,-41,-152,278,-989,-198,2606,133,95
BBB9,-16,-26,95,-29,-8,57,-148,272,-986,-197,2606,132,95
BBB9,-17,-26,95,52,52,-88,-141,266,-996,-192,2612,132,95
BBB9,-16,-26,95,-20,29,-116,-141,275,-1009,-191,2612,132,95
BBB9,-16,-26,95,21,166,9,-138,275,-1008,-195,2612,132,95
BBB9,-16,-27,95,-15,-97,-55,-145,270,-995,-195,2612,132,95
BBB9,-17,-26,95,-10,-12,25,-151,276,-1001,-193,2618,131,95
BBB9,-16,-26,95,21,-14,111,-137,278,-1005,-200,2618,130,95
BBB9,-16,-26,95,74,48,2,-127,273,-1000,-187,2618,131,95
BBB9,-17,-26,95,17,31,27,-147,275,-985,-196,2618,131,95
BBB9,-16,-26,96,-42,-30,-24,-132,275,-987,-192,2625,132,95
